{
  "generator-jhipster": {
    "applicationType": "monolith",
    "authenticationType": "jwt",
    "baseName": "eElixir",
    "buildTool": "maven",
    "cacheProvider": "ehcache",
    "creationTimestamp": 1722853307835,
    "databaseType": "sql",
    "devDatabaseType": "oracle",
    "enableHibernateCache": true,
    "enableSwaggerCodegen": true,
    "enableTranslation": true,
    "entities": [],
    "feignClient": null,
    "jhipsterVersion": "8.6.0",
    "jwtSecretKey": "M2UyOTg0NDdjNjU4NzliMmNlNzBiOTBiNzY2MWVmYTRmNWJjOTE2ZjBhYzZkMGYzNGE3Y2M0NWFlNzBkYjgxOTU3OGJlNzg2MWRjNzM5YTAxMDI5YWZiZjJhYzMwNTdiODI5M2JlM2MzZmM3NjlkZTllZGU1ODg3ZTM0MzkyYmM=",
    "languages": ["en"],
    "messageBroker": "kafka",
    "nativeLanguage": "en",
    "packageName": "com.cams.elixir",
    "prodDatabaseType": "oracle",
    "reactive": false,
    "searchEngine": false,
    "serverPort": null,
    "serverSideOptions": ["websocket:spring-websocket", "messageBroker:kafka", "enableSwaggerCodegen:true"],
    "serviceDiscoveryType": false,
    "skipClient": true,
    "syncUserWithIdp": null,
    "testFrameworks": ["cucumber"],
    "websocket": "spring-websocket"
  }
}
